dateRep,day,month,year,cases,deaths,countriesAndTerritories,geoId,countryterritoryCode,popData2020,continentExp
03/04/2021,3,4,2021,3077,33,Austria,AT,AUT,8901064,Europe
02/04/2021,2,4,2021,3058,23,Austria,AT,AUT,8901064,Europe
01/04/2021,1,4,2021,3107,28,Austria,AT,AUT,8901064,Europe
31/03/2021,31,3,2021,2810,28,Austria,AT,AUT,8901064,Europe
30/03/2021,30,3,2021,3240,24,Austria,AT,AUT,8901064,Europe
29/03/2021,29,3,2021,2667,11,Austria,AT,AUT,8901064,Europe
28/03/2021,28,3,2021,3896,27,Austria,AT,AUT,8901064,Europe
27/03/2021,27,3,2021,3487,24,Austria,AT,AUT,8901064,Europe
26/03/2021,26,3,2021,3516,16,Austria,AT,AUT,8901064,Europe
25/03/2021,25,3,2021,3262,29,Austria,AT,AUT,8901064,Europe
24/03/2021,24,3,2021,2715,40,Austria,AT,AUT,8901064,Europe
23/03/2021,23,3,2021,2306,23,Austria,AT,AUT,8901064,Europe
22/03/2021,22,3,2021,2918,19,Austria,AT,AUT,8901064,Europe
21/03/2021,21,3,2021,4051,22,Austria,AT,AUT,8901064,Europe
20/03/2021,20,3,2021,3304,15,Austria,AT,AUT,8901064,Europe
19/03/2021,19,3,2021,3507,33,Austria,AT,AUT,8901064,Europe
18/03/2021,18,3,2021,2814,33,Austria,AT,AUT,8901064,Europe
17/03/2021,17,3,2021,2487,23,Austria,AT,AUT,8901064,Europe
16/03/2021,16,3,2021,1910,22,Austria,AT,AUT,8901064,Europe
15/03/2021,15,3,2021,2664,17,Austria,AT,AUT,8901064,Europe
14/03/2021,14,3,2021,3325,17,Austria,AT,AUT,8901064,Europe
13/03/2021,13,3,2021,3009,23,Austria,AT,AUT,8901064,Europe
12/03/2021,12,3,2021,2847,18,Austria,AT,AUT,8901064,Europe
11/03/2021,11,3,2021,2847,12,Austria,AT,AUT,8901064,Europe
10/03/2021,10,3,2021,2194,21,Austria,AT,AUT,8901064,Europe
09/03/2021,9,3,2021,1965,23,Austria,AT,AUT,8901064,Europe
08/03/2021,8,3,2021,2281,9,Austria,AT,AUT,8901064,Europe
07/03/2021,7,3,2021,2846,16,Austria,AT,AUT,8901064,Europe
06/03/2021,6,3,2021,2319,24,Austria,AT,AUT,8901064,Europe
05/03/2021,5,3,2021,2691,19,Austria,AT,AUT,8901064,Europe
04/03/2021,4,3,2021,2497,14,Austria,AT,AUT,8901064,Europe
03/03/2021,3,3,2021,1926,17,Austria,AT,AUT,8901064,Europe
02/03/2021,2,3,2021,1148,25,Austria,AT,AUT,8901064,Europe
01/03/2021,1,3,2021,456112,8414,Austria,AT,AUT,8901064,Europe
03/04/2021,3,4,2021,0,0,Belgium,BE,BEL,11522440,Europe
02/04/2021,2,4,2021,0,8,Belgium,BE,BEL,11522440,Europe
01/04/2021,1,4,2021,2344,36,Belgium,BE,BEL,11522440,Europe
31/03/2021,31,3,2021,4523,31,Belgium,BE,BEL,11522440,Europe
30/03/2021,30,3,2021,5181,33,Belgium,BE,BEL,11522440,Europe
29/03/2021,29,3,2021,6138,31,Belgium,BE,BEL,11522440,Europe
28/03/2021,28,3,2021,1683,23,Belgium,BE,BEL,11522440,Europe
27/03/2021,27,3,2021,3055,28,Belgium,BE,BEL,11522440,Europe
26/03/2021,26,3,2021,5714,20,Belgium,BE,BEL,11522440,Europe
25/03/2021,25,3,2021,5578,34,Belgium,BE,BEL,11522440,Europe
24/03/2021,24,3,2021,5551,27,Belgium,BE,BEL,11522440,Europe
23/03/2021,23,3,2021,5997,24,Belgium,BE,BEL,11522440,Europe
22/03/2021,22,3,2021,6284,33,Belgium,BE,BEL,11522440,Europe
21/03/2021,21,3,2021,1590,24,Belgium,BE,BEL,11522440,Europe
20/03/2021,20,3,2021,2840,24,Belgium,BE,BEL,11522440,Europe
19/03/2021,19,3,2021,5197,31,Belgium,BE,BEL,11522440,Europe
18/03/2021,18,3,2021,5047,26,Belgium,BE,BEL,11522440,Europe
17/03/2021,17,3,2021,4842,25,Belgium,BE,BEL,11522440,Europe
16/03/2021,16,3,2021,4602,28,Belgium,BE,BEL,11522440,Europe
15/03/2021,15,3,2021,5279,25,Belgium,BE,BEL,11522440,Europe
14/03/2021,14,3,2021,1396,20,Belgium,BE,BEL,11522440,Europe
13/03/2021,13,3,2021,2182,24,Belgium,BE,BEL,11522440,Europe
12/03/2021,12,3,2021,3765,20,Belgium,BE,BEL,11522440,Europe
11/03/2021,11,3,2021,3515,26,Belgium,BE,BEL,11522440,Europe
10/03/2021,10,3,2021,3412,24,Belgium,BE,BEL,11522440,Europe
09/03/2021,9,3,2021,3419,23,Belgium,BE,BEL,11522440,Europe
08/03/2021,8,3,2021,3709,36,Belgium,BE,BEL,11522440,Europe
07/03/2021,7,3,2021,795,19,Belgium,BE,BEL,11522440,Europe
06/03/2021,6,3,2021,1524,25,Belgium,BE,BEL,11522440,Europe
05/03/2021,5,3,2021,2750,33,Belgium,BE,BEL,11522440,Europe
04/03/2021,4,3,2021,2708,16,Belgium,BE,BEL,11522440,Europe
03/03/2021,3,3,2021,2772,26,Belgium,BE,BEL,11522440,Europe
02/03/2021,2,3,2021,2775,25,Belgium,BE,BEL,11522440,Europe
01/03/2021,1,3,2021,776324,22255,Belgium,BE,BEL,11522440,Europe
03/04/2021,3,4,2021,4013,125,Bulgaria,BG,BGR,6951482,Europe
02/04/2021,2,4,2021,3694,116,Bulgaria,BG,BGR,6951482,Europe
01/04/2021,1,4,2021,4207,129,Bulgaria,BG,BGR,6951482,Europe
31/03/2021,31,3,2021,5176,155,Bulgaria,BG,BGR,6951482,Europe
30/03/2021,30,3,2021,4497,203,Bulgaria,BG,BGR,6951482,Europe
29/03/2021,29,3,2021,983,60,Bulgaria,BG,BGR,6951482,Europe
28/03/2021,28,3,2021,2537,49,Bulgaria,BG,BGR,6951482,Europe
27/03/2021,27,3,2021,4129,89,Bulgaria,BG,BGR,6951482,Europe
26/03/2021,26,3,2021,3988,99,Bulgaria,BG,BGR,6951482,Europe
25/03/2021,25,3,2021,4375,106,Bulgaria,BG,BGR,6951482,Europe
24/03/2021,24,3,2021,4851,119,Bulgaria,BG,BGR,6951482,Europe
23/03/2021,23,3,2021,4467,169,Bulgaria,BG,BGR,6951482,Europe
22/03/2021,22,3,2021,943,53,Bulgaria,BG,BGR,6951482,Europe
21/03/2021,21,3,2021,2541,34,Bulgaria,BG,BGR,6951482,Europe
20/03/2021,20,3,2021,4162,115,Bulgaria,BG,BGR,6951482,Europe
19/03/2021,19,3,2021,4008,102,Bulgaria,BG,BGR,6951482,Europe
18/03/2021,18,3,2021,4201,136,Bulgaria,BG,BGR,6951482,Europe
17/03/2021,17,3,2021,4374,107,Bulgaria,BG,BGR,6951482,Europe
16/03/2021,16,3,2021,4637,187,Bulgaria,BG,BGR,6951482,Europe
15/03/2021,15,3,2021,679,51,Bulgaria,BG,BGR,6951482,Europe
14/03/2021,14,3,2021,2019,38,Bulgaria,BG,BGR,6951482,Europe
13/03/2021,13,3,2021,3159,102,Bulgaria,BG,BGR,6951482,Europe
12/03/2021,12,3,2021,3121,95,Bulgaria,BG,BGR,6951482,Europe
11/03/2021,11,3,2021,2774,97,Bulgaria,BG,BGR,6951482,Europe
10/03/2021,10,3,2021,3502,138,Bulgaria,BG,BGR,6951482,Europe
09/03/2021,9,3,2021,2995,150,Bulgaria,BG,BGR,6951482,Europe
08/03/2021,8,3,2021,497,21,Bulgaria,BG,BGR,6951482,Europe
07/03/2021,7,3,2021,1426,22,Bulgaria,BG,BGR,6951482,Europe
06/03/2021,6,3,2021,3004,65,Bulgaria,BG,BGR,6951482,Europe
05/03/2021,5,3,2021,2198,93,Bulgaria,BG,BGR,6951482,Europe
04/03/2021,4,3,2021,1154,22,Bulgaria,BG,BGR,6951482,Europe
03/03/2021,3,3,2021,2403,83,Bulgaria,BG,BGR,6951482,Europe
02/03/2021,2,3,2021,2588,117,Bulgaria,BG,BGR,6951482,Europe
01/03/2021,1,3,2021,247038,10191,Bulgaria,BG,BGR,6951482,Europe
03/04/2021,3,4,2021,2362,29,Croatia,HR,HRV,4058165,Europe
02/04/2021,2,4,2021,2422,20,Croatia,HR,HRV,4058165,Europe
01/04/2021,1,4,2021,2623,19,Croatia,HR,HRV,4058165,Europe
31/03/2021,31,3,2021,1487,17,Croatia,HR,HRV,4058165,Europe
30/03/2021,30,3,2021,300,18,Croatia,HR,HRV,4058165,Europe
29/03/2021,29,3,2021,1321,21,Croatia,HR,HRV,4058165,Europe
28/03/2021,28,3,2021,1790,18,Croatia,HR,HRV,4058165,Europe
27/03/2021,27,3,2021,1802,16,Croatia,HR,HRV,4058165,Europe
26/03/2021,26,3,2021,1673,10,Croatia,HR,HRV,4058165,Europe
25/03/2021,25,3,2021,1891,20,Croatia,HR,HRV,4058165,Europe
24/03/2021,24,3,2021,956,22,Croatia,HR,HRV,4058165,Europe
23/03/2021,23,3,2021,150,13,Croatia,HR,HRV,4058165,Europe
22/03/2021,22,3,2021,834,20,Croatia,HR,HRV,4058165,Europe
21/03/2021,21,3,2021,1186,10,Croatia,HR,HRV,4058165,Europe
20/03/2021,20,3,2021,1112,17,Croatia,HR,HRV,4058165,Europe
19/03/2021,19,3,2021,1197,17,Croatia,HR,HRV,4058165,Europe
18/03/2021,18,3,2021,1445,12,Croatia,HR,HRV,4058165,Europe
17/03/2021,17,3,2021,691,12,Croatia,HR,HRV,4058165,Europe
16/03/2021,16,3,2021,129,8,Croatia,HR,HRV,4058165,Europe
15/03/2021,15,3,2021,561,7,Croatia,HR,HRV,4058165,Europe
14/03/2021,14,3,2021,823,23,Croatia,HR,HRV,4058165,Europe
13/03/2021,13,3,2021,823,12,Croatia,HR,HRV,4058165,Europe
12/03/2021,12,3,2021,777,10,Croatia,HR,HRV,4058165,Europe
11/03/2021,11,3,2021,962,4,Croatia,HR,HRV,4058165,Europe
10/03/2021,10,3,2021,491,12,Croatia,HR,HRV,4058165,Europe
09/03/2021,9,3,2021,94,19,Croatia,HR,HRV,4058165,Europe
08/03/2021,8,3,2021,394,5,Croatia,HR,HRV,4058165,Europe
07/03/2021,7,3,2021,658,15,Croatia,HR,HRV,4058165,Europe
06/03/2021,6,3,2021,590,6,Croatia,HR,HRV,4058165,Europe
05/03/2021,5,3,2021,667,9,Croatia,HR,HRV,4058165,Europe
04/03/2021,4,3,2021,747,7,Croatia,HR,HRV,4058165,Europe
03/03/2021,3,3,2021,394,11,Croatia,HR,HRV,4058165,Europe
02/03/2021,2,3,2021,91,11,Croatia,HR,HRV,4058165,Europe
01/03/2021,1,3,2021,242973,5526,Croatia,HR,HRV,4058165,Europe
03/04/2021,3,4,2021,705,1,Cyprus,CY,CYP,888005,Europe
02/04/2021,2,4,2021,309,4,Cyprus,CY,CYP,888005,Europe
01/04/2021,1,4,2021,434,0,Cyprus,CY,CYP,888005,Europe
31/03/2021,31,3,2021,439,2,Cyprus,CY,CYP,888005,Europe
30/03/2021,30,3,2021,360,2,Cyprus,CY,CYP,888005,Europe
29/03/2021,29,3,2021,326,2,Cyprus,CY,CYP,888005,Europe
28/03/2021,28,3,2021,334,2,Cyprus,CY,CYP,888005,Europe
27/03/2021,27,3,2021,361,0,Cyprus,CY,CYP,888005,Europe
26/03/2021,26,3,2021,324,0,Cyprus,CY,CYP,888005,Europe
25/03/2021,25,3,2021,293,2,Cyprus,CY,CYP,888005,Europe
24/03/2021,24,3,2021,365,1,Cyprus,CY,CYP,888005,Europe
23/03/2021,23,3,2021,410,2,Cyprus,CY,CYP,888005,Europe
22/03/2021,22,3,2021,336,1,Cyprus,CY,CYP,888005,Europe
21/03/2021,21,3,2021,407,1,Cyprus,CY,CYP,888005,Europe
20/03/2021,20,3,2021,364,0,Cyprus,CY,CYP,888005,Europe
19/03/2021,19,3,2021,385,0,Cyprus,CY,CYP,888005,Europe
18/03/2021,18,3,2021,382,0,Cyprus,CY,CYP,888005,Europe
17/03/2021,17,3,2021,475,1,Cyprus,CY,CYP,888005,Europe
16/03/2021,16,3,2021,218,0,Cyprus,CY,CYP,888005,Europe
15/03/2021,15,3,2021,374,2,Cyprus,CY,CYP,888005,Europe
14/03/2021,14,3,2021,398,0,Cyprus,CY,CYP,888005,Europe
13/03/2021,13,3,2021,383,2,Cyprus,CY,CYP,888005,Europe
12/03/2021,12,3,2021,431,1,Cyprus,CY,CYP,888005,Europe
11/03/2021,11,3,2021,415,2,Cyprus,CY,CYP,888005,Europe
10/03/2021,10,3,2021,420,0,Cyprus,CY,CYP,888005,Europe
09/03/2021,9,3,2021,352,0,Cyprus,CY,CYP,888005,Europe
08/03/2021,8,3,2021,303,1,Cyprus,CY,CYP,888005,Europe
07/03/2021,7,3,2021,298,0,Cyprus,CY,CYP,888005,Europe
06/03/2021,6,3,2021,273,0,Cyprus,CY,CYP,888005,Europe
05/03/2021,5,3,2021,384,0,Cyprus,CY,CYP,888005,Europe
04/03/2021,4,3,2021,323,0,Cyprus,CY,CYP,888005,Europe
03/03/2021,3,3,2021,288,1,Cyprus,CY,CYP,888005,Europe
02/03/2021,2,3,2021,302,0,Cyprus,CY,CYP,888005,Europe
01/03/2021,1,3,2021,34707,231,Cyprus,CY,CYP,888005,Europe
03/04/2021,3,4,2021,3869,102,Czechia,CZ,CZE,10693939,Europe
02/04/2021,2,4,2021,6248,179,Czechia,CZ,CZE,10693939,Europe
01/04/2021,1,4,2021,7285,165,Czechia,CZ,CZE,10693939,Europe
31/03/2021,31,3,2021,8664,199,Czechia,CZ,CZE,10693939,Europe
30/03/2021,30,3,2021,6896,85,Czechia,CZ,CZE,10693939,Europe
29/03/2021,29,3,2021,5719,263,Czechia,CZ,CZE,10693939,Europe
28/03/2021,28,3,2021,7699,96,Czechia,CZ,CZE,10693939,Europe
27/03/2021,27,3,2021,47,139,Czechia,CZ,CZE,10693939,Europe
26/03/2021,26,3,2021,7946,189,Czechia,CZ,CZE,10693939,Europe
25/03/2021,25,3,2021,8851,192,Czechia,CZ,CZE,10693939,Europe
24/03/2021,24,3,2021,10972,203,Czechia,CZ,CZE,10693939,Europe
23/03/2021,23,3,2021,8205,245,Czechia,CZ,CZE,10693939,Europe
22/03/2021,22,3,2021,2373,143,Czechia,CZ,CZE,10693939,Europe
21/03/2021,21,3,2021,5554,137,Czechia,CZ,CZE,10693939,Europe
20/03/2021,20,3,2021,9710,199,Czechia,CZ,CZE,10693939,Europe
19/03/2021,19,3,2021,10677,214,Czechia,CZ,CZE,10693939,Europe
18/03/2021,18,3,2021,12028,215,Czechia,CZ,CZE,10693939,Europe
17/03/2021,17,3,2021,14029,245,Czechia,CZ,CZE,10693939,Europe
16/03/2021,16,3,2021,10542,278,Czechia,CZ,CZE,10693939,Europe
15/03/2021,15,3,2021,3342,153,Czechia,CZ,CZE,10693939,Europe
14/03/2021,14,3,2021,6970,143,Czechia,CZ,CZE,10693939,Europe
13/03/2021,13,3,2021,15110,218,Czechia,CZ,CZE,10693939,Europe
12/03/2021,12,3,2021,11274,241,Czechia,CZ,CZE,10693939,Europe
11/03/2021,11,3,2021,14529,239,Czechia,CZ,CZE,10693939,Europe
10/03/2021,10,3,2021,15380,238,Czechia,CZ,CZE,10693939,Europe
09/03/2021,9,3,2021,10524,265,Czechia,CZ,CZE,10693939,Europe
08/03/2021,8,3,2021,3960,165,Czechia,CZ,CZE,10693939,Europe
07/03/2021,7,3,2021,9167,159,Czechia,CZ,CZE,10693939,Europe
06/03/2021,6,3,2021,13162,233,Czechia,CZ,CZE,10693939,Europe
05/03/2021,5,3,2021,14714,197,Czechia,CZ,CZE,10693939,Europe
04/03/2021,4,3,2021,15230,187,Czechia,CZ,CZE,10693939,Europe
03/03/2021,3,3,2021,16816,240,Czechia,CZ,CZE,10693939,Europe
02/03/2021,2,3,2021,12191,232,Czechia,CZ,CZE,10693939,Europe
01/03/2021,1,3,2021,1240051,20469,Czechia,CZ,CZE,10693939,Europe
03/04/2021,3,4,2021,708,1,Denmark,DK,DNK,5822763,Europe
02/04/2021,2,4,2021,662,4,Denmark,DK,DNK,5822763,Europe
01/04/2021,1,4,2021,701,2,Denmark,DK,DNK,5822763,Europe
31/03/2021,31,3,2021,1210,2,Denmark,DK,DNK,5822763,Europe
30/03/2021,30,3,2021,679,1,Denmark,DK,DNK,5822763,Europe
29/03/2021,29,3,2021,964,1,Denmark,DK,DNK,5822763,Europe
28/03/2021,28,3,2021,416,2,Denmark,DK,DNK,5822763,Europe
27/03/2021,27,3,2021,789,2,Denmark,DK,DNK,5822763,Europe
26/03/2021,26,3,2021,814,5,Denmark,DK,DNK,5822763,Europe
25/03/2021,25,3,2021,-2001,1,Denmark,DK,DNK,5822763,Europe
24/03/2021,24,3,2021,754,1,Denmark,DK,DNK,5822763,Europe
23/03/2021,23,3,2021,772,2,Denmark,DK,DNK,5822763,Europe
22/03/2021,22,3,2021,657,1,Denmark,DK,DNK,5822763,Europe
21/03/2021,21,3,2021,590,2,Denmark,DK,DNK,5822763,Europe
20/03/2021,20,3,2021,843,0,Denmark,DK,DNK,5822763,Europe
19/03/2021,19,3,2021,786,1,Denmark,DK,DNK,5822763,Europe
18/03/2021,18,3,2021,787,1,Denmark,DK,DNK,5822763,Europe
17/03/2021,17,3,2021,771,2,Denmark,DK,DNK,5822763,Europe
16/03/2021,16,3,2021,612,2,Denmark,DK,DNK,5822763,Europe
15/03/2021,15,3,2021,541,1,Denmark,DK,DNK,5822763,Europe
14/03/2021,14,3,2021,613,3,Denmark,DK,DNK,5822763,Europe
13/03/2021,13,3,2021,645,3,Denmark,DK,DNK,5822763,Europe
12/03/2021,12,3,2021,862,2,Denmark,DK,DNK,5822763,Europe
11/03/2021,11,3,2021,2007,1,Denmark,DK,DNK,5822763,Europe
10/03/2021,10,3,2021,527,0,Denmark,DK,DNK,5822763,Europe
09/03/2021,9,3,2021,425,2,Denmark,DK,DNK,5822763,Europe
08/03/2021,8,3,2021,513,2,Denmark,DK,DNK,5822763,Europe
07/03/2021,7,3,2021,394,0,Denmark,DK,DNK,5822763,Europe
06/03/2021,6,3,2021,614,3,Denmark,DK,DNK,5822763,Europe
05/03/2021,5,3,2021,520,4,Denmark,DK,DNK,5822763,Europe
04/03/2021,4,3,2021,574,3,Denmark,DK,DNK,5822763,Europe
03/03/2021,3,3,2021,532,2,Denmark,DK,DNK,5822763,Europe
02/03/2021,2,3,2021,497,4,Denmark,DK,DNK,5822763,Europe
01/03/2021,1,3,2021,211195,2361,Denmark,DK,DNK,5822763,Europe
03/04/2021,3,4,2021,519,9,Estonia,EE,EST,1328976,Europe
02/04/2021,2,4,2021,1165,14,Estonia,EE,EST,1328976,Europe
01/04/2021,1,4,2021,829,6,Estonia,EE,EST,1328976,Europe
31/03/2021,31,3,2021,1008,6,Estonia,EE,EST,1328976,Europe
30/03/2021,30,3,2021,1202,17,Estonia,EE,EST,1328976,Europe
29/03/2021,29,3,2021,584,19,Estonia,EE,EST,1328976,Europe
28/03/2021,28,3,2021,892,0,Estonia,EE,EST,1328976,Europe
27/03/2021,27,3,2021,1151,13,Estonia,EE,EST,1328976,Europe
26/03/2021,26,3,2021,1150,11,Estonia,EE,EST,1328976,Europe
25/03/2021,25,3,2021,1429,13,Estonia,EE,EST,1328976,Europe
24/03/2021,24,3,2021,1552,14,Estonia,EE,EST,1328976,Europe
23/03/2021,23,3,2021,1062,12,Estonia,EE,EST,1328976,Europe
22/03/2021,22,3,2021,993,10,Estonia,EE,EST,1328976,Europe
21/03/2021,21,3,2021,1373,7,Estonia,EE,EST,1328976,Europe
20/03/2021,20,3,2021,1248,11,Estonia,EE,EST,1328976,Europe
19/03/2021,19,3,2021,1749,11,Estonia,EE,EST,1328976,Europe
18/03/2021,18,3,2021,1700,13,Estonia,EE,EST,1328976,Europe
17/03/2021,17,3,2021,1783,6,Estonia,EE,EST,1328976,Europe
16/03/2021,16,3,2021,1462,11,Estonia,EE,EST,1328976,Europe
15/03/2021,15,3,2021,1279,9,Estonia,EE,EST,1328976,Europe
14/03/2021,14,3,2021,935,9,Estonia,EE,EST,1328976,Europe
13/03/2021,13,3,2021,1586,24,Estonia,EE,EST,1328976,Europe
12/03/2021,12,3,2021,1357,0,Estonia,EE,EST,1328976,Europe
11/03/2021,11,3,2021,1956,9,Estonia,EE,EST,1328976,Europe
10/03/2021,10,3,2021,1482,8,Estonia,EE,EST,1328976,Europe
09/03/2021,9,3,2021,1308,2,Estonia,EE,EST,1328976,Europe
08/03/2021,8,3,2021,1180,14,Estonia,EE,EST,1328976,Europe
07/03/2021,7,3,2021,1319,9,Estonia,EE,EST,1328976,Europe
06/03/2021,6,3,2021,1540,7,Estonia,EE,EST,1328976,Europe
05/03/2021,5,3,2021,1534,14,Estonia,EE,EST,1328976,Europe
04/03/2021,4,3,2021,1417,8,Estonia,EE,EST,1328976,Europe
03/03/2021,3,3,2021,1454,17,Estonia,EE,EST,1328976,Europe
02/03/2021,2,3,2021,1111,0,Estonia,EE,EST,1328976,Europe
01/03/2021,1,3,2021,66628,598,Estonia,EE,EST,1328976,Europe
03/04/2021,3,4,2021,566,0,Finland,FI,FIN,5525292,Europe
02/04/2021,2,4,2021,654,2,Finland,FI,FIN,5525292,Europe
01/04/2021,1,4,2021,607,18,Finland,FI,FIN,5525292,Europe
31/03/2021,31,3,2021,420,9,Finland,FI,FIN,5525292,Europe
30/03/2021,30,3,2021,422,-5,Finland,FI,FIN,5525292,Europe
29/03/2021,29,3,2021,458,5,Finland,FI,FIN,5525292,Europe
28/03/2021,28,3,2021,791,0,Finland,FI,FIN,5525292,Europe
27/03/2021,27,3,2021,512,2,Finland,FI,FIN,5525292,Europe
26/03/2021,26,3,2021,726,4,Finland,FI,FIN,5525292,Europe
25/03/2021,25,3,2021,803,2,Finland,FI,FIN,5525292,Europe
24/03/2021,24,3,2021,640,1,Finland,FI,FIN,5525292,Europe
23/03/2021,23,3,2021,430,3,Finland,FI,FIN,5525292,Europe
22/03/2021,22,3,2021,520,0,Finland,FI,FIN,5525292,Europe
21/03/2021,21,3,2021,856,0,Finland,FI,FIN,5525292,Europe
20/03/2021,20,3,2021,770,0,Finland,FI,FIN,5525292,Europe
19/03/2021,19,3,2021,804,1,Finland,FI,FIN,5525292,Europe
18/03/2021,18,3,2021,842,3,Finland,FI,FIN,5525292,Europe
17/03/2021,17,3,2021,517,1,Finland,FI,FIN,5525292,Europe
16/03/2021,16,3,2021,465,14,Finland,FI,FIN,5525292,Europe
15/03/2021,15,3,2021,863,0,Finland,FI,FIN,5525292,Europe
14/03/2021,14,3,2021,691,0,Finland,FI,FIN,5525292,Europe
13/03/2021,13,3,2021,706,3,Finland,FI,FIN,5525292,Europe
12/03/2021,12,3,2021,720,4,Finland,FI,FIN,5525292,Europe
11/03/2021,11,3,2021,779,3,Finland,FI,FIN,5525292,Europe
10/03/2021,10,3,2021,588,2,Finland,FI,FIN,5525292,Europe
09/03/2021,9,3,2021,459,7,Finland,FI,FIN,5525292,Europe
08/03/2021,8,3,2021,511,0,Finland,FI,FIN,5525292,Europe
07/03/2021,7,3,2021,648,0,Finland,FI,FIN,5525292,Europe
06/03/2021,6,3,2021,704,3,Finland,FI,FIN,5525292,Europe
05/03/2021,5,3,2021,758,5,Finland,FI,FIN,5525292,Europe
04/03/2021,4,3,2021,797,4,Finland,FI,FIN,5525292,Europe
03/03/2021,3,3,2021,581,5,Finland,FI,FIN,5525292,Europe
02/03/2021,2,3,2021,392,8,Finland,FI,FIN,5525292,Europe
01/03/2021,1,3,2021,57672,742,Finland,FI,FIN,5525292,Europe
03/04/2021,3,4,2021,46677,332,France,FR,FRA,67320216,Europe
02/04/2021,2,4,2021,50659,309,France,FR,FRA,67320216,Europe
01/04/2021,1,4,2021,59038,303,France,FR,FRA,67320216,Europe
31/03/2021,31,3,2021,30702,381,France,FR,FRA,67320216,Europe
30/03/2021,30,3,2021,9094,360,France,FR,FRA,67320216,Europe
29/03/2021,29,3,2021,37014,131,France,FR,FRA,67320216,Europe
28/03/2021,28,3,2021,42619,190,France,FR,FRA,67320216,Europe
27/03/2021,27,3,2021,41869,897,France,FR,FRA,67320216,Europe
26/03/2021,26,3,2021,45641,225,France,FR,FRA,67320216,Europe
25/03/2021,25,3,2021,65373,245,France,FR,FRA,67320216,Europe
24/03/2021,24,3,2021,14678,287,France,FR,FRA,67320216,Europe
23/03/2021,23,3,2021,15792,343,France,FR,FRA,67320216,Europe
22/03/2021,22,3,2021,30581,138,France,FR,FRA,67320216,Europe
21/03/2021,21,3,2021,35327,185,France,FR,FRA,67320216,Europe
20/03/2021,20,3,2021,35088,276,France,FR,FRA,67320216,Europe
19/03/2021,19,3,2021,34998,269,France,FR,FRA,67320216,Europe
18/03/2021,18,3,2021,38501,241,France,FR,FRA,67320216,Europe
17/03/2021,17,3,2021,29975,408,France,FR,FRA,67320216,Europe
16/03/2021,16,3,2021,6471,333,France,FR,FRA,67320216,Europe
15/03/2021,15,3,2021,26343,140,France,FR,FRA,67320216,Europe
14/03/2021,14,3,2021,29759,169,France,FR,FRA,67320216,Europe
13/03/2021,13,3,2021,25229,290,France,FR,FRA,67320216,Europe
12/03/2021,12,3,2021,27166,265,France,FR,FRA,67320216,Europe
11/03/2021,11,3,2021,30303,264,France,FR,FRA,67320216,Europe
10/03/2021,10,3,2021,23302,368,France,FR,FRA,67320216,Europe
09/03/2021,9,3,2021,5327,359,France,FR,FRA,67320216,Europe
08/03/2021,8,3,2021,21825,130,France,FR,FRA,67320216,Europe
07/03/2021,7,3,2021,23306,170,France,FR,FRA,67320216,Europe
06/03/2021,6,3,2021,23507,439,France,FR,FRA,67320216,Europe
05/03/2021,5,3,2021,25279,293,France,FR,FRA,67320216,Europe
04/03/2021,4,3,2021,26788,322,France,FR,FRA,67320216,Europe
03/03/2021,3,3,2021,22857,417,France,FR,FRA,67320216,Europe
02/03/2021,2,3,2021,4703,375,France,FR,FRA,67320216,Europe
01/03/2021,1,3,2021,3755968,86454,France,FR,FRA,67320216,Europe
03/04/2021,3,4,2021,18129,120,Germany,DE,DEU,83166711,Europe
02/04/2021,2,4,2021,21888,232,Germany,DE,DEU,83166711,Europe
01/04/2021,1,4,2021,24300,201,Germany,DE,DEU,83166711,Europe
31/03/2021,31,3,2021,17051,249,Germany,DE,DEU,83166711,Europe
30/03/2021,30,3,2021,9549,180,Germany,DE,DEU,83166711,Europe
29/03/2021,29,3,2021,9872,43,Germany,DE,DEU,83166711,Europe
28/03/2021,28,3,2021,17176,90,Germany,DE,DEU,83166711,Europe
27/03/2021,27,3,2021,20472,157,Germany,DE,DEU,83166711,Europe
26/03/2021,26,3,2021,21573,183,Germany,DE,DEU,83166711,Europe
25/03/2021,25,3,2021,22657,228,Germany,DE,DEU,83166711,Europe
24/03/2021,24,3,2021,15813,248,Germany,DE,DEU,83166711,Europe
23/03/2021,23,3,2021,7485,250,Germany,DE,DEU,83166711,Europe
22/03/2021,22,3,2021,7709,50,Germany,DE,DEU,83166711,Europe
21/03/2021,21,3,2021,13733,99,Germany,DE,DEU,83166711,Europe
20/03/2021,20,3,2021,16033,207,Germany,DE,DEU,83166711,Europe
19/03/2021,19,3,2021,17482,226,Germany,DE,DEU,83166711,Europe
18/03/2021,18,3,2021,17504,227,Germany,DE,DEU,83166711,Europe
17/03/2021,17,3,2021,13435,249,Germany,DE,DEU,83166711,Europe
16/03/2021,16,3,2021,5480,238,Germany,DE,DEU,83166711,Europe
15/03/2021,15,3,2021,6604,47,Germany,DE,DEU,83166711,Europe
14/03/2021,14,3,2021,10790,70,Germany,DE,DEU,83166711,Europe
13/03/2021,13,3,2021,12674,239,Germany,DE,DEU,83166711,Europe
12/03/2021,12,3,2021,12834,252,Germany,DE,DEU,83166711,Europe
11/03/2021,11,3,2021,14356,321,Germany,DE,DEU,83166711,Europe
10/03/2021,10,3,2021,9146,300,Germany,DE,DEU,83166711,Europe
09/03/2021,9,3,2021,4252,255,Germany,DE,DEU,83166711,Europe
08/03/2021,8,3,2021,5011,34,Germany,DE,DEU,83166711,Europe
07/03/2021,7,3,2021,8103,96,Germany,DE,DEU,83166711,Europe
06/03/2021,6,3,2021,9557,300,Germany,DE,DEU,83166711,Europe
05/03/2021,5,3,2021,10580,264,Germany,DE,DEU,83166711,Europe
04/03/2021,4,3,2021,11912,359,Germany,DE,DEU,83166711,Europe
03/03/2021,3,3,2021,9019,418,Germany,DE,DEU,83166711,Europe
02/03/2021,2,3,2021,3943,358,Germany,DE,DEU,83166711,Europe
01/03/2021,1,3,2021,2447068,70105,Germany,DE,DEU,83166711,Europe
03/04/2021,3,4,2021,3058,72,Greece,EL,GRC,10718565,Europe
02/04/2021,2,4,2021,3483,67,Greece,EL,GRC,10718565,Europe
01/04/2021,1,4,2021,3612,76,Greece,EL,GRC,10718565,Europe
31/03/2021,31,3,2021,4322,72,Greece,EL,GRC,10718565,Europe
30/03/2021,30,3,2021,1724,65,Greece,EL,GRC,10718565,Europe
29/03/2021,29,3,2021,1441,54,Greece,EL,GRC,10718565,Europe
28/03/2021,28,3,2021,3132,72,Greece,EL,GRC,10718565,Europe
27/03/2021,27,3,2021,1466,53,Greece,EL,GRC,10718565,Europe
26/03/2021,26,3,2021,2587,52,Greece,EL,GRC,10718565,Europe
25/03/2021,25,3,2021,3058,67,Greece,EL,GRC,10718565,Europe
24/03/2021,24,3,2021,3517,51,Greece,EL,GRC,10718565,Europe
23/03/2021,23,3,2021,1705,69,Greece,EL,GRC,10718565,Europe
22/03/2021,22,3,2021,2614,41,Greece,EL,GRC,10718565,Europe
21/03/2021,21,3,2021,1432,60,Greece,EL,GRC,10718565,Europe
20/03/2021,20,3,2021,2762,64,Greece,EL,GRC,10718565,Europe
19/03/2021,19,3,2021,3070,45,Greece,EL,GRC,10718565,Europe
18/03/2021,18,3,2021,3458,56,Greece,EL,GRC,10718565,Europe
17/03/2021,17,3,2021,1508,59,Greece,EL,GRC,10718565,Europe
16/03/2021,16,3,2021,1134,46,Greece,EL,GRC,10718565,Europe
15/03/2021,15,3,2021,1626,53,Greece,EL,GRC,10718565,Europe
14/03/2021,14,3,2021,2503,52,Greece,EL,GRC,10718565,Europe
13/03/2021,13,3,2021,2357,49,Greece,EL,GRC,10718565,Europe
12/03/2021,12,3,2021,2570,51,Greece,EL,GRC,10718565,Europe
11/03/2021,11,3,2021,2629,43,Greece,EL,GRC,10718565,Europe
10/03/2021,10,3,2021,3181,46,Greece,EL,GRC,10718565,Europe
09/03/2021,9,3,2021,1161,39,Greece,EL,GRC,10718565,Europe
08/03/2021,8,3,2021,1142,53,Greece,EL,GRC,10718565,Europe
07/03/2021,7,3,2021,2301,41,Greece,EL,GRC,10718565,Europe
06/03/2021,6,3,2021,2181,32,Greece,EL,GRC,10718565,Europe
05/03/2021,5,3,2021,2217,35,Greece,EL,GRC,10718565,Europe
04/03/2021,4,3,2021,2697,40,Greece,EL,GRC,10718565,Europe
03/03/2021,3,3,2021,2312,23,Greece,EL,GRC,10718565,Europe
02/03/2021,2,3,2021,1170,30,Greece,EL,GRC,10718565,Europe
01/03/2021,1,3,2021,191100,6504,Greece,EL,GRC,10718565,Europe
03/04/2021,3,4,2021,8637,242,Hungary,HU,HUN,9769526,Europe
02/04/2021,2,4,2021,9055,267,Hungary,HU,HUN,9769526,Europe
01/04/2021,1,4,2021,9288,258,Hungary,HU,HUN,9769526,Europe
31/03/2021,31,3,2021,0,0,Hungary,HU,HUN,9769526,Europe
30/03/2021,30,3,2021,11309,576,Hungary,HU,HUN,9769526,Europe
29/03/2021,29,3,2021,7263,189,Hungary,HU,HUN,9769526,Europe
28/03/2021,28,3,2021,9082,220,Hungary,HU,HUN,9769526,Europe
27/03/2021,27,3,2021,10167,253,Hungary,HU,HUN,9769526,Europe
26/03/2021,26,3,2021,11265,275,Hungary,HU,HUN,9769526,Europe
25/03/2021,25,3,2021,9637,272,Hungary,HU,HUN,9769526,Europe
24/03/2021,24,3,2021,7587,249,Hungary,HU,HUN,9769526,Europe
23/03/2021,23,3,2021,5481,252,Hungary,HU,HUN,9769526,Europe
22/03/2021,22,3,2021,9046,189,Hungary,HU,HUN,9769526,Europe
21/03/2021,21,3,2021,10625,194,Hungary,HU,HUN,9769526,Europe
20/03/2021,20,3,2021,11132,227,Hungary,HU,HUN,9769526,Europe
19/03/2021,19,3,2021,10759,213,Hungary,HU,HUN,9769526,Europe
18/03/2021,18,3,2021,6502,207,Hungary,HU,HUN,9769526,Europe
17/03/2021,17,3,2021,3456,195,Hungary,HU,HUN,9769526,Europe
16/03/2021,16,3,2021,4926,143,Hungary,HU,HUN,9769526,Europe
15/03/2021,15,3,2021,7706,131,Hungary,HU,HUN,9769526,Europe
14/03/2021,14,3,2021,8863,162,Hungary,HU,HUN,9769526,Europe
13/03/2021,13,3,2021,9444,163,Hungary,HU,HUN,9769526,Europe
12/03/2021,12,3,2021,9011,130,Hungary,HU,HUN,9769526,Europe
11/03/2021,11,3,2021,8312,172,Hungary,HU,HUN,9769526,Europe
10/03/2021,10,3,2021,5653,179,Hungary,HU,HUN,9769526,Europe
09/03/2021,9,3,2021,6494,158,Hungary,HU,HUN,9769526,Europe
08/03/2021,8,3,2021,2696,115,Hungary,HU,HUN,9769526,Europe
07/03/2021,7,3,2021,6201,108,Hungary,HU,HUN,9769526,Europe
06/03/2021,6,3,2021,7269,146,Hungary,HU,HUN,9769526,Europe
05/03/2021,5,3,2021,6369,143,Hungary,HU,HUN,9769526,Europe
04/03/2021,4,3,2021,6278,152,Hungary,HU,HUN,9769526,Europe
03/03/2021,3,3,2021,4211,136,Hungary,HU,HUN,9769526,Europe
02/03/2021,2,3,2021,2764,130,Hungary,HU,HUN,9769526,Europe
01/03/2021,1,3,2021,432925,15058,Hungary,HU,HUN,9769526,Europe
03/04/2021,3,4,2021,0,0,Iceland,IS,ISL,364134,Europe
02/04/2021,2,4,2021,0,0,Iceland,IS,ISL,364134,Europe
01/04/2021,1,4,2021,11,0,Iceland,IS,ISL,364134,Europe
31/03/2021,31,3,2021,11,0,Iceland,IS,ISL,364134,Europe
30/03/2021,30,3,2021,20,0,Iceland,IS,ISL,364134,Europe
29/03/2021,29,3,2021,0,0,Iceland,IS,ISL,364134,Europe
28/03/2021,28,3,2021,0,0,Iceland,IS,ISL,364134,Europe
27/03/2021,27,3,2021,5,0,Iceland,IS,ISL,364134,Europe
26/03/2021,26,3,2021,14,0,Iceland,IS,ISL,364134,Europe
25/03/2021,25,3,2021,22,0,Iceland,IS,ISL,364134,Europe
24/03/2021,24,3,2021,3,0,Iceland,IS,ISL,364134,Europe
23/03/2021,23,3,2021,22,0,Iceland,IS,ISL,364134,Europe
22/03/2021,22,3,2021,0,0,Iceland,IS,ISL,364134,Europe
21/03/2021,21,3,2021,0,0,Iceland,IS,ISL,364134,Europe
20/03/2021,20,3,2021,6,0,Iceland,IS,ISL,364134,Europe
19/03/2021,19,3,2021,2,0,Iceland,IS,ISL,364134,Europe
18/03/2021,18,3,2021,2,0,Iceland,IS,ISL,364134,Europe
17/03/2021,17,3,2021,4,0,Iceland,IS,ISL,364134,Europe
16/03/2021,16,3,2021,11,0,Iceland,IS,ISL,364134,Europe
15/03/2021,15,3,2021,0,0,Iceland,IS,ISL,364134,Europe
14/03/2021,14,3,2021,0,0,Iceland,IS,ISL,364134,Europe
13/03/2021,13,3,2021,2,0,Iceland,IS,ISL,364134,Europe
12/03/2021,12,3,2021,1,0,Iceland,IS,ISL,364134,Europe
11/03/2021,11,3,2021,2,0,Iceland,IS,ISL,364134,Europe
10/03/2021,10,3,2021,3,0,Iceland,IS,ISL,364134,Europe
09/03/2021,9,3,2021,5,0,Iceland,IS,ISL,364134,Europe
08/03/2021,8,3,2021,0,0,Iceland,IS,ISL,364134,Europe
07/03/2021,7,3,2021,0,0,Iceland,IS,ISL,364134,Europe
06/03/2021,6,3,2021,1,0,Iceland,IS,ISL,364134,Europe
05/03/2021,5,3,2021,0,0,Iceland,IS,ISL,364134,Europe
04/03/2021,4,3,2021,3,0,Iceland,IS,ISL,364134,Europe
03/03/2021,3,3,2021,1,0,Iceland,IS,ISL,364134,Europe
02/03/2021,2,3,2021,5,0,Iceland,IS,ISL,364134,Europe
01/03/2021,1,3,2021,6049,29,Iceland,IS,ISL,364134,Europe
03/04/2021,3,4,2021,587,8,Ireland,IE,IRL,4964440,Europe
02/04/2021,2,4,2021,746,18,Ireland,IE,IRL,4964440,Europe
01/04/2021,1,4,2021,410,6,Ireland,IE,IRL,4964440,Europe
31/03/2021,31,3,2021,366,14,Ireland,IE,IRL,4964440,Europe
30/03/2021,30,3,2021,537,1,Ireland,IE,IRL,4964440,Europe
29/03/2021,29,3,2021,604,13,Ireland,IE,IRL,4964440,Europe
28/03/2021,28,3,2021,610,2,Ireland,IE,IRL,4964440,Europe
27/03/2021,27,3,2021,569,20,Ireland,IE,IRL,4964440,Europe
26/03/2021,26,3,2021,594,3,Ireland,IE,IRL,4964440,Europe
25/03/2021,25,3,2021,680,18,Ireland,IE,IRL,4964440,Europe
24/03/2021,24,3,2021,365,22,Ireland,IE,IRL,4964440,Europe
23/03/2021,23,3,2021,520,1,Ireland,IE,IRL,4964440,Europe
22/03/2021,22,3,2021,768,2,Ireland,IE,IRL,4964440,Europe
21/03/2021,21,3,2021,525,9,Ireland,IE,IRL,4964440,Europe
20/03/2021,20,3,2021,510,10,Ireland,IE,IRL,4964440,Europe
19/03/2021,19,3,2021,581,0,Ireland,IE,IRL,4964440,Europe
18/03/2021,18,3,2021,552,14,Ireland,IE,IRL,4964440,Europe
17/03/2021,17,3,2021,347,18,Ireland,IE,IRL,4964440,Europe
16/03/2021,16,3,2021,575,0,Ireland,IE,IRL,4964440,Europe
15/03/2021,15,3,2021,383,0,Ireland,IE,IRL,4964440,Europe
14/03/2021,14,3,2021,538,16,Ireland,IE,IRL,4964440,Europe
13/03/2021,13,3,2021,641,9,Ireland,IE,IRL,4964440,Europe
12/03/2021,12,3,2021,591,10,Ireland,IE,IRL,4964440,Europe
11/03/2021,11,3,2021,631,47,Ireland,IE,IRL,4964440,Europe
10/03/2021,10,3,2021,306,30,Ireland,IE,IRL,4964440,Europe
09/03/2021,9,3,2021,432,0,Ireland,IE,IRL,4964440,Europe
08/03/2021,8,3,2021,520,3,Ireland,IE,IRL,4964440,Europe
07/03/2021,7,3,2021,530,14,Ireland,IE,IRL,4964440,Europe
06/03/2021,6,3,2021,520,9,Ireland,IE,IRL,4964440,Europe
05/03/2021,5,3,2021,460,39,Ireland,IE,IRL,4964440,Europe
04/03/2021,4,3,2021,559,24,Ireland,IE,IRL,4964440,Europe
03/03/2021,3,3,2021,357,14,Ireland,IE,IRL,4964440,Europe
02/03/2021,2,3,2021,681,0,Ireland,IE,IRL,4964440,Europe
01/03/2021,1,3,2021,219592,4319,Ireland,IE,IRL,4964440,Europe
03/04/2021,3,4,2021,21917,481,Italy,IT,ITA,59641488,Europe
02/04/2021,2,4,2021,22184,501,Italy,IT,ITA,59641488,Europe
01/04/2021,1,4,2021,23887,467,Italy,IT,ITA,59641488,Europe
31/03/2021,31,3,2021,16055,529,Italy,IT,ITA,59641488,Europe
30/03/2021,30,3,2021,12900,417,Italy,IT,ITA,59641488,Europe
29/03/2021,29,3,2021,19604,297,Italy,IT,ITA,59641488,Europe
28/03/2021,28,3,2021,23834,380,Italy,IT,ITA,59641488,Europe
27/03/2021,27,3,2021,24076,457,Italy,IT,ITA,59641488,Europe
26/03/2021,26,3,2021,23681,460,Italy,IT,ITA,59641488,Europe
25/03/2021,25,3,2021,21246,460,Italy,IT,ITA,59641488,Europe
24/03/2021,24,3,2021,18739,551,Italy,IT,ITA,59641488,Europe
23/03/2021,23,3,2021,24501,386,Italy,IT,ITA,59641488,Europe
22/03/2021,22,3,2021,20045,300,Italy,IT,ITA,59641488,Europe
21/03/2021,21,3,2021,23913,401,Italy,IT,ITA,59641488,Europe
20/03/2021,20,3,2021,25707,386,Italy,IT,ITA,59641488,Europe
19/03/2021,19,3,2021,24901,423,Italy,IT,ITA,59641488,Europe
18/03/2021,18,3,2021,23040,431,Italy,IT,ITA,59641488,Europe
17/03/2021,17,3,2021,20376,502,Italy,IT,ITA,59641488,Europe
16/03/2021,16,3,2021,15252,354,Italy,IT,ITA,59641488,Europe
15/03/2021,15,3,2021,21304,264,Italy,IT,ITA,59641488,Europe
14/03/2021,14,3,2021,26031,317,Italy,IT,ITA,59641488,Europe
13/03/2021,13,3,2021,26790,380,Italy,IT,ITA,59641488,Europe
12/03/2021,12,3,2021,25649,373,Italy,IT,ITA,59641488,Europe
11/03/2021,11,3,2021,22275,332,Italy,IT,ITA,59641488,Europe
10/03/2021,10,3,2021,19725,376,Italy,IT,ITA,59641488,Europe
09/03/2021,9,3,2021,13882,318,Italy,IT,ITA,59641488,Europe
08/03/2021,8,3,2021,20724,207,Italy,IT,ITA,59641488,Europe
07/03/2021,7,3,2021,23633,307,Italy,IT,ITA,59641488,Europe
06/03/2021,6,3,2021,24010,297,Italy,IT,ITA,59641488,Europe
05/03/2021,5,3,2021,22845,339,Italy,IT,ITA,59641488,Europe
04/03/2021,4,3,2021,20840,347,Italy,IT,ITA,59641488,Europe
03/03/2021,3,3,2021,17063,343,Italy,IT,ITA,59641488,Europe
02/03/2021,2,3,2021,13106,246,Italy,IT,ITA,59641488,Europe
01/03/2021,1,3,2021,2925265,97699,Italy,IT,ITA,59641488,Europe
03/04/2021,3,4,2021,587,9,Latvia,LV,LVA,1907675,Europe
02/04/2021,2,4,2021,638,14,Latvia,LV,LVA,1907675,Europe
01/04/2021,1,4,2021,630,6,Latvia,LV,LVA,1907675,Europe
31/03/2021,31,3,2021,526,10,Latvia,LV,LVA,1907675,Europe
30/03/2021,30,3,2021,167,5,Latvia,LV,LVA,1907675,Europe
29/03/2021,29,3,2021,324,6,Latvia,LV,LVA,1907675,Europe
28/03/2021,28,3,2021,602,5,Latvia,LV,LVA,1907675,Europe
27/03/2021,27,3,2021,638,3,Latvia,LV,LVA,1907675,Europe
26/03/2021,26,3,2021,606,13,Latvia,LV,LVA,1907675,Europe
25/03/2021,25,3,2021,776,11,Latvia,LV,LVA,1907675,Europe
24/03/2021,24,3,2021,508,12,Latvia,LV,LVA,1907675,Europe
23/03/2021,23,3,2021,177,2,Latvia,LV,LVA,1907675,Europe
22/03/2021,22,3,2021,260,5,Latvia,LV,LVA,1907675,Europe
21/03/2021,21,3,2021,625,10,Latvia,LV,LVA,1907675,Europe
20/03/2021,20,3,2021,622,10,Latvia,LV,LVA,1907675,Europe
19/03/2021,19,3,2021,482,12,Latvia,LV,LVA,1907675,Europe
18/03/2021,18,3,2021,818,12,Latvia,LV,LVA,1907675,Europe
17/03/2021,17,3,2021,645,8,Latvia,LV,LVA,1907675,Europe
16/03/2021,16,3,2021,176,2,Latvia,LV,LVA,1907675,Europe
15/03/2021,15,3,2021,297,10,Latvia,LV,LVA,1907675,Europe
14/03/2021,14,3,2021,578,11,Latvia,LV,LVA,1907675,Europe
13/03/2021,13,3,2021,632,9,Latvia,LV,LVA,1907675,Europe
12/03/2021,12,3,2021,638,11,Latvia,LV,LVA,1907675,Europe
11/03/2021,11,3,2021,639,21,Latvia,LV,LVA,1907675,Europe
10/03/2021,10,3,2021,472,6,Latvia,LV,LVA,1907675,Europe
09/03/2021,9,3,2021,194,4,Latvia,LV,LVA,1907675,Europe
08/03/2021,8,3,2021,322,8,Latvia,LV,LVA,1907675,Europe
07/03/2021,7,3,2021,595,7,Latvia,LV,LVA,1907675,Europe
06/03/2021,6,3,2021,746,14,Latvia,LV,LVA,1907675,Europe
05/03/2021,5,3,2021,646,12,Latvia,LV,LVA,1907675,Europe
04/03/2021,4,3,2021,919,16,Latvia,LV,LVA,1907675,Europe
03/03/2021,3,3,2021,645,17,Latvia,LV,LVA,1907675,Europe
02/03/2021,2,3,2021,272,3,Latvia,LV,LVA,1907675,Europe
01/03/2021,1,3,2021,86186,1618,Latvia,LV,LVA,1907675,Europe
03/04/2021,3,4,2021,1,0,Liechtenstein,LI,LIE,38747,Europe
02/04/2021,2,4,2021,3,0,Liechtenstein,LI,LIE,38747,Europe
01/04/2021,1,4,2021,5,0,Liechtenstein,LI,LIE,38747,Europe
31/03/2021,31,3,2021,6,0,Liechtenstein,LI,LIE,38747,Europe
30/03/2021,30,3,2021,0,0,Liechtenstein,LI,LIE,38747,Europe
29/03/2021,29,3,2021,6,0,Liechtenstein,LI,LIE,38747,Europe
28/03/2021,28,3,2021,9,0,Liechtenstein,LI,LIE,38747,Europe
27/03/2021,27,3,2021,4,0,Liechtenstein,LI,LIE,38747,Europe
26/03/2021,26,3,2021,3,0,Liechtenstein,LI,LIE,38747,Europe
25/03/2021,25,3,2021,6,0,Liechtenstein,LI,LIE,38747,Europe
24/03/2021,24,3,2021,2,0,Liechtenstein,LI,LIE,38747,Europe
23/03/2021,23,3,2021,2,0,Liechtenstein,LI,LIE,38747,Europe
22/03/2021,22,3,2021,4,0,Liechtenstein,LI,LIE,38747,Europe
21/03/2021,21,3,2021,1,0,Liechtenstein,LI,LIE,38747,Europe
20/03/2021,20,3,2021,5,0,Liechtenstein,LI,LIE,38747,Europe
19/03/2021,19,3,2021,2,0,Liechtenstein,LI,LIE,38747,Europe
18/03/2021,18,3,2021,4,0,Liechtenstein,LI,LIE,38747,Europe
17/03/2021,17,3,2021,1,0,Liechtenstein,LI,LIE,38747,Europe
16/03/2021,16,3,2021,3,1,Liechtenstein,LI,LIE,38747,Europe
15/03/2021,15,3,2021,0,0,Liechtenstein,LI,LIE,38747,Europe
14/03/2021,14,3,2021,10,0,Liechtenstein,LI,LIE,38747,Europe
13/03/2021,13,3,2021,1,0,Liechtenstein,LI,LIE,38747,Europe
12/03/2021,12,3,2021,5,0,Liechtenstein,LI,LIE,38747,Europe
11/03/2021,11,3,2021,2,0,Liechtenstein,LI,LIE,38747,Europe
10/03/2021,10,3,2021,0,0,Liechtenstein,LI,LIE,38747,Europe
09/03/2021,9,3,2021,2,1,Liechtenstein,LI,LIE,38747,Europe
08/03/2021,8,3,2021,2,0,Liechtenstein,LI,LIE,38747,Europe
07/03/2021,7,3,2021,1,0,Liechtenstein,LI,LIE,38747,Europe
06/03/2021,6,3,2021,1,0,Liechtenstein,LI,LIE,38747,Europe
05/03/2021,5,3,2021,6,0,Liechtenstein,LI,LIE,38747,Europe
04/03/2021,4,3,2021,5,0,Liechtenstein,LI,LIE,38747,Europe
03/03/2021,3,3,2021,1,0,Liechtenstein,LI,LIE,38747,Europe
02/03/2021,2,3,2021,1,0,Liechtenstein,LI,LIE,38747,Europe
01/03/2021,1,3,2021,2575,54,Liechtenstein,LI,LIE,38747,Europe
03/04/2021,3,4,2021,860,11,Lithuania,LT,LTU,2794090,Europe
02/04/2021,2,4,2021,886,9,Lithuania,LT,LTU,2794090,Europe
01/04/2021,1,4,2021,903,8,Lithuania,LT,LTU,2794090,Europe
31/03/2021,31,3,2021,851,6,Lithuania,LT,LTU,2794090,Europe
30/03/2021,30,3,2021,424,9,Lithuania,LT,LTU,2794090,Europe
29/03/2021,29,3,2021,494,12,Lithuania,LT,LTU,2794090,Europe
28/03/2021,28,3,2021,771,10,Lithuania,LT,LTU,2794090,Europe
27/03/2021,27,3,2021,872,8,Lithuania,LT,LTU,2794090,Europe
26/03/2021,26,3,2021,793,11,Lithuania,LT,LTU,2794090,Europe
25/03/2021,25,3,2021,803,9,Lithuania,LT,LTU,2794090,Europe
24/03/2021,24,3,2021,868,15,Lithuania,LT,LTU,2794090,Europe
23/03/2021,23,3,2021,329,10,Lithuania,LT,LTU,2794090,Europe
22/03/2021,22,3,2021,361,12,Lithuania,LT,LTU,2794090,Europe
21/03/2021,21,3,2021,602,12,Lithuania,LT,LTU,2794090,Europe
20/03/2021,20,3,2021,579,10,Lithuania,LT,LTU,2794090,Europe
19/03/2021,19,3,2021,580,15,Lithuania,LT,LTU,2794090,Europe
18/03/2021,18,3,2021,599,11,Lithuania,LT,LTU,2794090,Europe
17/03/2021,17,3,2021,646,6,Lithuania,LT,LTU,2794090,Europe
16/03/2021,16,3,2021,259,14,Lithuania,LT,LTU,2794090,Europe
15/03/2021,15,3,2021,431,7,Lithuania,LT,LTU,2794090,Europe
14/03/2021,14,3,2021,598,16,Lithuania,LT,LTU,2794090,Europe
13/03/2021,13,3,2021,364,10,Lithuania,LT,LTU,2794090,Europe
12/03/2021,12,3,2021,606,12,Lithuania,LT,LTU,2794090,Europe
11/03/2021,11,3,2021,486,10,Lithuania,LT,LTU,2794090,Europe
10/03/2021,10,3,2021,470,5,Lithuania,LT,LTU,2794090,Europe
09/03/2021,9,3,2021,216,8,Lithuania,LT,LTU,2794090,Europe
08/03/2021,8,3,2021,415,7,Lithuania,LT,LTU,2794090,Europe
07/03/2021,7,3,2021,464,18,Lithuania,LT,LTU,2794090,Europe
06/03/2021,6,3,2021,451,9,Lithuania,LT,LTU,2794090,Europe
05/03/2021,5,3,2021,533,13,Lithuania,LT,LTU,2794090,Europe
04/03/2021,4,3,2021,526,18,Lithuania,LT,LTU,2794090,Europe
03/03/2021,3,3,2021,427,10,Lithuania,LT,LTU,2794090,Europe
02/03/2021,2,3,2021,2055,9,Lithuania,LT,LTU,2794090,Europe
01/03/2021,1,3,2021,197343,3244,Lithuania,LT,LTU,2794090,Europe
03/04/2021,3,4,2021,224,1,Luxembourg,LU,LUX,626108,Europe
02/04/2021,2,4,2021,239,3,Luxembourg,LU,LUX,626108,Europe
01/04/2021,1,4,2021,387,3,Luxembourg,LU,LUX,626108,Europe
31/03/2021,31,3,2021,182,2,Luxembourg,LU,LUX,626108,Europe
30/03/2021,30,3,2021,318,3,Luxembourg,LU,LUX,626108,Europe
29/03/2021,29,3,2021,0,0,Luxembourg,LU,LUX,626108,Europe
28/03/2021,28,3,2021,290,0,Luxembourg,LU,LUX,626108,Europe
27/03/2021,27,3,2021,260,2,Luxembourg,LU,LUX,626108,Europe
26/03/2021,26,3,2021,298,8,Luxembourg,LU,LUX,626108,Europe
25/03/2021,25,3,2021,245,2,Luxembourg,LU,LUX,626108,Europe
24/03/2021,24,3,2021,165,7,Luxembourg,LU,LUX,626108,Europe
23/03/2021,23,3,2021,81,1,Luxembourg,LU,LUX,626108,Europe
22/03/2021,22,3,2021,461,4,Luxembourg,LU,LUX,626108,Europe
21/03/2021,21,3,2021,0,0,Luxembourg,LU,LUX,626108,Europe
20/03/2021,20,3,2021,281,9,Luxembourg,LU,LUX,626108,Europe
19/03/2021,19,3,2021,266,1,Luxembourg,LU,LUX,626108,Europe
18/03/2021,18,3,2021,297,7,Luxembourg,LU,LUX,626108,Europe
17/03/2021,17,3,2021,185,4,Luxembourg,LU,LUX,626108,Europe
16/03/2021,16,3,2021,49,4,Luxembourg,LU,LUX,626108,Europe
15/03/2021,15,3,2021,177,1,Luxembourg,LU,LUX,626108,Europe
14/03/2021,14,3,2021,197,7,Luxembourg,LU,LUX,626108,Europe
13/03/2021,13,3,2021,182,6,Luxembourg,LU,LUX,626108,Europe
12/03/2021,12,3,2021,265,2,Luxembourg,LU,LUX,626108,Europe
11/03/2021,11,3,2021,234,5,Luxembourg,LU,LUX,626108,Europe
10/03/2021,10,3,2021,145,5,Luxembourg,LU,LUX,626108,Europe
09/03/2021,9,3,2021,31,1,Luxembourg,LU,LUX,626108,Europe
08/03/2021,8,3,2021,140,5,Luxembourg,LU,LUX,626108,Europe
07/03/2021,7,3,2021,210,5,Luxembourg,LU,LUX,626108,Europe
06/03/2021,6,3,2021,186,5,Luxembourg,LU,LUX,626108,Europe
05/03/2021,5,3,2021,208,4,Luxembourg,LU,LUX,626108,Europe
04/03/2021,4,3,2021,270,2,Luxembourg,LU,LUX,626108,Europe
03/03/2021,3,3,2021,152,2,Luxembourg,LU,LUX,626108,Europe
02/03/2021,2,3,2021,55,1,Luxembourg,LU,LUX,626108,Europe
01/03/2021,1,3,2021,55425,638,Luxembourg,LU,LUX,626108,Europe
03/04/2021,3,4,2021,42,1,Malta,MT,MLT,514564,Europe
02/04/2021,2,4,2021,52,2,Malta,MT,MLT,514564,Europe
01/04/2021,1,4,2021,40,2,Malta,MT,MLT,514564,Europe
31/03/2021,31,3,2021,55,2,Malta,MT,MLT,514564,Europe
30/03/2021,30,3,2021,63,1,Malta,MT,MLT,514564,Europe
29/03/2021,29,3,2021,67,2,Malta,MT,MLT,514564,Europe
28/03/2021,28,3,2021,93,3,Malta,MT,MLT,514564,Europe
27/03/2021,27,3,2021,103,4,Malta,MT,MLT,514564,Europe
26/03/2021,26,3,2021,102,1,Malta,MT,MLT,514564,Europe
25/03/2021,25,3,2021,101,2,Malta,MT,MLT,514564,Europe
24/03/2021,24,3,2021,90,2,Malta,MT,MLT,514564,Europe
23/03/2021,23,3,2021,191,1,Malta,MT,MLT,514564,Europe
22/03/2021,22,3,2021,224,3,Malta,MT,MLT,514564,Europe
21/03/2021,21,3,2021,55,5,Malta,MT,MLT,514564,Europe
20/03/2021,20,3,2021,210,1,Malta,MT,MLT,514564,Europe
19/03/2021,19,3,2021,179,2,Malta,MT,MLT,514564,Europe
18/03/2021,18,3,2021,243,4,Malta,MT,MLT,514564,Europe
17/03/2021,17,3,2021,211,3,Malta,MT,MLT,514564,Europe
16/03/2021,16,3,2021,313,3,Malta,MT,MLT,514564,Europe
15/03/2021,15,3,2021,213,1,Malta,MT,MLT,514564,Europe
14/03/2021,14,3,2021,268,4,Malta,MT,MLT,514564,Europe
13/03/2021,13,3,2021,298,5,Malta,MT,MLT,514564,Europe
12/03/2021,12,3,2021,329,4,Malta,MT,MLT,514564,Europe
11/03/2021,11,3,2021,283,2,Malta,MT,MLT,514564,Europe
10/03/2021,10,3,2021,0,1,Malta,MT,MLT,514564,Europe
09/03/2021,9,3,2021,501,0,Malta,MT,MLT,514564,Europe
08/03/2021,8,3,2021,248,5,Malta,MT,MLT,514564,Europe
07/03/2021,7,3,2021,201,1,Malta,MT,MLT,514564,Europe
06/03/2021,6,3,2021,182,3,Malta,MT,MLT,514564,Europe
05/03/2021,5,3,2021,345,4,Malta,MT,MLT,514564,Europe
04/03/2021,4,3,2021,283,2,Malta,MT,MLT,514564,Europe
03/03/2021,3,3,2021,362,3,Malta,MT,MLT,514564,Europe
02/03/2021,2,3,2021,233,1,Malta,MT,MLT,514564,Europe
01/03/2021,1,3,2021,22947,315,Malta,MT,MLT,514564,Europe
03/04/2021,3,4,2021,7239,16,Netherlands,NL,NLD,17407585,Europe
02/04/2021,2,4,2021,7814,21,Netherlands,NL,NLD,17407585,Europe
01/04/2021,1,4,2021,7623,29,Netherlands,NL,NLD,17407585,Europe
31/03/2021,31,3,2021,5820,34,Netherlands,NL,NLD,17407585,Europe
30/03/2021,30,3,2021,6702,10,Netherlands,NL,NLD,17407585,Europe
29/03/2021,29,3,2021,7421,15,Netherlands,NL,NLD,17407585,Europe
28/03/2021,28,3,2021,8792,29,Netherlands,NL,NLD,17407585,Europe
27/03/2021,27,3,2021,7553,24,Netherlands,NL,NLD,17407585,Europe
26/03/2021,26,3,2021,7688,26,Netherlands,NL,NLD,17407585,Europe
25/03/2021,25,3,2021,7574,32,Netherlands,NL,NLD,17407585,Europe
24/03/2021,24,3,2021,5550,49,Netherlands,NL,NLD,17407585,Europe
23/03/2021,23,3,2021,6257,15,Netherlands,NL,NLD,17407585,Europe
22/03/2021,22,3,2021,6953,15,Netherlands,NL,NLD,17407585,Europe
21/03/2021,21,3,2021,7577,16,Netherlands,NL,NLD,17407585,Europe
20/03/2021,20,3,2021,7371,46,Netherlands,NL,NLD,17407585,Europe
19/03/2021,19,3,2021,6115,33,Netherlands,NL,NLD,17407585,Europe
18/03/2021,18,3,2021,5918,46,Netherlands,NL,NLD,17407585,Europe
17/03/2021,17,3,2021,4893,32,Netherlands,NL,NLD,17407585,Europe
16/03/2021,16,3,2021,5465,18,Netherlands,NL,NLD,17407585,Europe
15/03/2021,15,3,2021,5967,22,Netherlands,NL,NLD,17407585,Europe
14/03/2021,14,3,2021,6390,22,Netherlands,NL,NLD,17407585,Europe
13/03/2021,13,3,2021,6020,26,Netherlands,NL,NLD,17407585,Europe
12/03/2021,12,3,2021,5319,50,Netherlands,NL,NLD,17407585,Europe
11/03/2021,11,3,2021,5255,31,Netherlands,NL,NLD,17407585,Europe
10/03/2021,10,3,2021,4297,56,Netherlands,NL,NLD,17407585,Europe
09/03/2021,9,3,2021,3832,28,Netherlands,NL,NLD,17407585,Europe
08/03/2021,8,3,2021,4522,30,Netherlands,NL,NLD,17407585,Europe
07/03/2021,7,3,2021,5329,41,Netherlands,NL,NLD,17407585,Europe
06/03/2021,6,3,2021,4668,32,Netherlands,NL,NLD,17407585,Europe
05/03/2021,5,3,2021,4110,33,Netherlands,NL,NLD,17407585,Europe
04/03/2021,4,3,2021,4991,48,Netherlands,NL,NLD,17407585,Europe
03/03/2021,3,3,2021,3976,65,Netherlands,NL,NLD,17407585,Europe
02/03/2021,2,3,2021,3753,21,Netherlands,NL,NLD,17407585,Europe
01/03/2021,1,3,2021,1087303,15544,Netherlands,NL,NLD,17407585,Europe
03/04/2021,3,4,2021,691,0,Norway,NO,NOR,5367580,Europe
02/04/2021,2,4,2021,871,10,Norway,NO,NOR,5367580,Europe
01/04/2021,1,4,2021,1070,2,Norway,NO,NOR,5367580,Europe
31/03/2021,31,3,2021,993,1,Norway,NO,NOR,5367580,Europe
30/03/2021,30,3,2021,2211,4,Norway,NO,NOR,5367580,Europe
29/03/2021,29,3,2021,0,0,Norway,NO,NOR,5367580,Europe
28/03/2021,28,3,2021,0,0,Norway,NO,NOR,5367580,Europe
27/03/2021,27,3,2021,833,0,Norway,NO,NOR,5367580,Europe
26/03/2021,26,3,2021,984,0,Norway,NO,NOR,5367580,Europe
25/03/2021,25,3,2021,1078,7,Norway,NO,NOR,5367580,Europe
24/03/2021,24,3,2021,1100,0,Norway,NO,NOR,5367580,Europe
23/03/2021,23,3,2021,2386,1,Norway,NO,NOR,5367580,Europe
22/03/2021,22,3,2021,0,0,Norway,NO,NOR,5367580,Europe
21/03/2021,21,3,2021,0,0,Norway,NO,NOR,5367580,Europe
20/03/2021,20,3,2021,1034,0,Norway,NO,NOR,5367580,Europe
19/03/2021,19,3,2021,1064,0,Norway,NO,NOR,5367580,Europe
18/03/2021,18,3,2021,1154,7,Norway,NO,NOR,5367580,Europe
17/03/2021,17,3,2021,861,1,Norway,NO,NOR,5367580,Europe
16/03/2021,16,3,2021,2400,1,Norway,NO,NOR,5367580,Europe
15/03/2021,15,3,2021,0,0,Norway,NO,NOR,5367580,Europe
14/03/2021,14,3,2021,0,0,Norway,NO,NOR,5367580,Europe
13/03/2021,13,3,2021,872,0,Norway,NO,NOR,5367580,Europe
12/03/2021,12,3,2021,684,1,Norway,NO,NOR,5367580,Europe
11/03/2021,11,3,2021,716,6,Norway,NO,NOR,5367580,Europe
10/03/2021,10,3,2021,828,0,Norway,NO,NOR,5367580,Europe
09/03/2021,9,3,2021,1447,0,Norway,NO,NOR,5367580,Europe
08/03/2021,8,3,2021,0,0,Norway,NO,NOR,5367580,Europe
07/03/2021,7,3,2021,0,0,Norway,NO,NOR,5367580,Europe
06/03/2021,6,3,2021,570,0,Norway,NO,NOR,5367580,Europe
05/03/2021,5,3,2021,690,0,Norway,NO,NOR,5367580,Europe
04/03/2021,4,3,2021,500,9,Norway,NO,NOR,5367580,Europe
03/03/2021,3,3,2021,731,0,Norway,NO,NOR,5367580,Europe
02/03/2021,2,3,2021,968,1,Norway,NO,NOR,5367580,Europe
01/03/2021,1,3,2021,70034,622,Norway,NO,NOR,5367580,Europe
03/04/2021,3,4,2021,30541,500,Poland,PL,POL,37958138,Europe
02/04/2021,2,4,2021,35253,620,Poland,PL,POL,37958138,Europe
01/04/2021,1,4,2021,32891,653,Poland,PL,POL,37958138,Europe
31/03/2021,31,3,2021,20862,460,Poland,PL,POL,37958138,Europe
30/03/2021,30,3,2021,16973,48,Poland,PL,POL,37958138,Europe
29/03/2021,29,3,2021,29266,131,Poland,PL,POL,37958138,Europe
28/03/2021,28,3,2021,31759,448,Poland,PL,POL,37958138,Europe
27/03/2021,27,3,2021,35145,445,Poland,PL,POL,37958138,Europe
26/03/2021,26,3,2021,34150,520,Poland,PL,POL,37958138,Europe
25/03/2021,25,3,2021,30802,579,Poland,PL,POL,37958138,Europe
24/03/2021,24,3,2021,16740,396,Poland,PL,POL,37958138,Europe
23/03/2021,23,3,2021,14579,65,Poland,PL,POL,37958138,Europe
22/03/2021,22,3,2021,21850,141,Poland,PL,POL,37958138,Europe
21/03/2021,21,3,2021,26456,352,Poland,PL,POL,37958138,Europe
20/03/2021,20,3,2021,25996,419,Poland,PL,POL,37958138,Europe
19/03/2021,19,3,2021,27274,356,Poland,PL,POL,37958138,Europe
18/03/2021,18,3,2021,25053,454,Poland,PL,POL,37958138,Europe
17/03/2021,17,3,2021,14394,372,Poland,PL,POL,37958138,Europe
16/03/2021,16,3,2021,10895,28,Poland,PL,POL,37958138,Europe
15/03/2021,15,3,2021,17272,110,Poland,PL,POL,37958138,Europe
14/03/2021,14,3,2021,21063,344,Poland,PL,POL,37958138,Europe
13/03/2021,13,3,2021,18873,351,Poland,PL,POL,37958138,Europe
12/03/2021,12,3,2021,21111,376,Poland,PL,POL,37958138,Europe
11/03/2021,11,3,2021,17277,398,Poland,PL,POL,37958138,Europe
10/03/2021,10,3,2021,9953,282,Poland,PL,POL,37958138,Europe
09/03/2021,9,3,2021,6169,32,Poland,PL,POL,37958138,Europe
08/03/2021,8,3,2021,13569,126,Poland,PL,POL,37958138,Europe
07/03/2021,7,3,2021,14855,247,Poland,PL,POL,37958138,Europe
06/03/2021,6,3,2021,15831,263,Poland,PL,POL,37958138,Europe
05/03/2021,5,3,2021,15253,289,Poland,PL,POL,37958138,Europe
04/03/2021,4,3,2021,15698,352,Poland,PL,POL,37958138,Europe
03/03/2021,3,3,2021,7936,215,Poland,PL,POL,37958138,Europe
02/03/2021,2,3,2021,4786,24,Poland,PL,POL,37958138,Europe
01/03/2021,1,3,2021,1706986,43769,Poland,PL,POL,37958138,Europe
03/04/2021,3,4,2021,548,9,Portugal,PT,PRT,10295909,Europe
02/04/2021,2,4,2021,592,11,Portugal,PT,PRT,10295909,Europe
01/04/2021,1,4,2021,618,3,Portugal,PT,PRT,10295909,Europe
31/03/2021,31,3,2021,388,2,Portugal,PT,PRT,10295909,Europe
30/03/2021,30,3,2021,309,6,Portugal,PT,PRT,10295909,Europe
29/03/2021,29,3,2021,365,10,Portugal,PT,PRT,10295909,Europe
28/03/2021,28,3,2021,344,8,Portugal,PT,PRT,10295909,Europe
27/03/2021,27,3,2021,488,5,Portugal,PT,PRT,10295909,Europe
26/03/2021,26,3,2021,423,9,Portugal,PT,PRT,10295909,Europe
25/03/2021,25,3,2021,575,11,Portugal,PT,PRT,10295909,Europe
24/03/2021,24,3,2021,434,10,Portugal,PT,PRT,10295909,Europe
23/03/2021,23,3,2021,248,16,Portugal,PT,PRT,10295909,Europe
22/03/2021,22,3,2021,450,6,Portugal,PT,PRT,10295909,Europe
21/03/2021,21,3,2021,457,8,Portugal,PT,PRT,10295909,Europe
20/03/2021,20,3,2021,568,11,Portugal,PT,PRT,10295909,Europe
19/03/2021,19,3,2021,485,21,Portugal,PT,PRT,10295909,Europe
18/03/2021,18,3,2021,673,15,Portugal,PT,PRT,10295909,Europe
17/03/2021,17,3,2021,384,13,Portugal,PT,PRT,10295909,Europe
16/03/2021,16,3,2021,256,10,Portugal,PT,PRT,10295909,Europe
15/03/2021,15,3,2021,541,15,Portugal,PT,PRT,10295909,Europe
14/03/2021,14,3,2021,564,19,Portugal,PT,PRT,10295909,Europe
13/03/2021,13,3,2021,577,15,Portugal,PT,PRT,10295909,Europe
12/03/2021,12,3,2021,627,18,Portugal,PT,PRT,10295909,Europe
11/03/2021,11,3,2021,642,22,Portugal,PT,PRT,10295909,Europe
10/03/2021,10,3,2021,847,30,Portugal,PT,PRT,10295909,Europe
09/03/2021,9,3,2021,365,25,Portugal,PT,PRT,10295909,Europe
08/03/2021,8,3,2021,682,28,Portugal,PT,PRT,10295909,Europe
07/03/2021,7,3,2021,1007,26,Portugal,PT,PRT,10295909,Europe
06/03/2021,6,3,2021,949,28,Portugal,PT,PRT,10295909,Europe
05/03/2021,5,3,2021,830,28,Portugal,PT,PRT,10295909,Europe
04/03/2021,4,3,2021,979,41,Portugal,PT,PRT,10295909,Europe
03/03/2021,3,3,2021,691,38,Portugal,PT,PRT,10295909,Europe
02/03/2021,2,3,2021,394,34,Portugal,PT,PRT,10295909,Europe
01/03/2021,1,3,2021,804562,16317,Portugal,PT,PRT,10295909,Europe
03/04/2021,3,4,2021,5808,145,Romania,RO,ROU,19328838,Europe
02/04/2021,2,4,2021,6115,136,Romania,RO,ROU,19328838,Europe
01/04/2021,1,4,2021,6156,129,Romania,RO,ROU,19328838,Europe
31/03/2021,31,3,2021,6204,175,Romania,RO,ROU,19328838,Europe
30/03/2021,30,3,2021,3825,120,Romania,RO,ROU,19328838,Europe
29/03/2021,29,3,2021,4439,117,Romania,RO,ROU,19328838,Europe
28/03/2021,28,3,2021,5869,162,Romania,RO,ROU,19328838,Europe
27/03/2021,27,3,2021,6516,116,Romania,RO,ROU,19328838,Europe
26/03/2021,26,3,2021,6651,140,Romania,RO,ROU,19328838,Europe
25/03/2021,25,3,2021,6136,137,Romania,RO,ROU,19328838,Europe
24/03/2021,24,3,2021,6149,174,Romania,RO,ROU,19328838,Europe
23/03/2021,23,3,2021,3743,60,Romania,RO,ROU,19328838,Europe
22/03/2021,22,3,2021,4267,76,Romania,RO,ROU,19328838,Europe
21/03/2021,21,3,2021,6096,112,Romania,RO,ROU,19328838,Europe
20/03/2021,20,3,2021,5593,143,Romania,RO,ROU,19328838,Europe
19/03/2021,19,3,2021,6174,90,Romania,RO,ROU,19328838,Europe
18/03/2021,18,3,2021,6186,89,Romania,RO,ROU,19328838,Europe
17/03/2021,17,3,2021,6118,133,Romania,RO,ROU,19328838,Europe
16/03/2021,16,3,2021,2972,82,Romania,RO,ROU,19328838,Europe
15/03/2021,15,3,2021,4383,44,Romania,RO,ROU,19328838,Europe
14/03/2021,14,3,2021,4964,79,Romania,RO,ROU,19328838,Europe
13/03/2021,13,3,2021,5010,108,Romania,RO,ROU,19328838,Europe
12/03/2021,12,3,2021,5236,96,Romania,RO,ROU,19328838,Europe
11/03/2021,11,3,2021,4564,100,Romania,RO,ROU,19328838,Europe
10/03/2021,10,3,2021,4989,93,Romania,RO,ROU,19328838,Europe
09/03/2021,9,3,2021,2280,63,Romania,RO,ROU,19328838,Europe
08/03/2021,8,3,2021,3288,46,Romania,RO,ROU,19328838,Europe
07/03/2021,7,3,2021,4064,69,Romania,RO,ROU,19328838,Europe
06/03/2021,6,3,2021,4342,101,Romania,RO,ROU,19328838,Europe
05/03/2021,5,3,2021,4271,98,Romania,RO,ROU,19328838,Europe
04/03/2021,4,3,2021,4278,77,Romania,RO,ROU,19328838,Europe
03/03/2021,3,3,2021,3950,106,Romania,RO,ROU,19328838,Europe
02/03/2021,2,3,2021,2096,53,Romania,RO,ROU,19328838,Europe
01/03/2021,1,3,2021,801994,20350,Romania,RO,ROU,19328838,Europe
03/04/2021,3,4,2021,1385,87,Slovakia,SK,SVK,5457873,Europe
02/04/2021,2,4,2021,1304,71,Slovakia,SK,SVK,5457873,Europe
01/04/2021,1,4,2021,1855,95,Slovakia,SK,SVK,5457873,Europe
31/03/2021,31,3,2021,1215,82,Slovakia,SK,SVK,5457873,Europe
30/03/2021,30,3,2021,205,46,Slovakia,SK,SVK,5457873,Europe
29/03/2021,29,3,2021,925,70,Slovakia,SK,SVK,5457873,Europe
28/03/2021,28,3,2021,1531,53,Slovakia,SK,SVK,5457873,Europe
27/03/2021,27,3,2021,1272,60,Slovakia,SK,SVK,5457873,Europe
26/03/2021,26,3,2021,1654,52,Slovakia,SK,SVK,5457873,Europe
25/03/2021,25,3,2021,1977,71,Slovakia,SK,SVK,5457873,Europe
24/03/2021,24,3,2021,1281,86,Slovakia,SK,SVK,5457873,Europe
23/03/2021,23,3,2021,401,60,Slovakia,SK,SVK,5457873,Europe
22/03/2021,22,3,2021,925,66,Slovakia,SK,SVK,5457873,Europe
21/03/2021,21,3,2021,1795,84,Slovakia,SK,SVK,5457873,Europe
20/03/2021,20,3,2021,1679,80,Slovakia,SK,SVK,5457873,Europe
19/03/2021,19,3,2021,2040,76,Slovakia,SK,SVK,5457873,Europe
18/03/2021,18,3,2021,2892,69,Slovakia,SK,SVK,5457873,Europe
17/03/2021,17,3,2021,1578,64,Slovakia,SK,SVK,5457873,Europe
16/03/2021,16,3,2021,457,77,Slovakia,SK,SVK,5457873,Europe
15/03/2021,15,3,2021,1269,88,Slovakia,SK,SVK,5457873,Europe
14/03/2021,14,3,2021,2362,94,Slovakia,SK,SVK,5457873,Europe
13/03/2021,13,3,2021,2301,102,Slovakia,SK,SVK,5457873,Europe
12/03/2021,12,3,2021,1978,98,Slovakia,SK,SVK,5457873,Europe
11/03/2021,11,3,2021,3600,109,Slovakia,SK,SVK,5457873,Europe
10/03/2021,10,3,2021,2207,116,Slovakia,SK,SVK,5457873,Europe
09/03/2021,9,3,2021,396,85,Slovakia,SK,SVK,5457873,Europe
08/03/2021,8,3,2021,1286,97,Slovakia,SK,SVK,5457873,Europe
07/03/2021,7,3,2021,2522,74,Slovakia,SK,SVK,5457873,Europe
06/03/2021,6,3,2021,2423,105,Slovakia,SK,SVK,5457873,Europe
05/03/2021,5,3,2021,2800,71,Slovakia,SK,SVK,5457873,Europe
04/03/2021,4,3,2021,3357,101,Slovakia,SK,SVK,5457873,Europe
03/03/2021,3,3,2021,2077,118,Slovakia,SK,SVK,5457873,Europe
02/03/2021,2,3,2021,842,81,Slovakia,SK,SVK,5457873,Europe
01/03/2021,1,3,2021,308083,7189,Slovakia,SK,SVK,5457873,Europe
03/04/2021,3,4,2021,1179,18,Slovenia,SI,SVN,2095861,Europe
02/04/2021,2,4,2021,1341,14,Slovenia,SI,SVN,2095861,Europe
01/04/2021,1,4,2021,1560,10,Slovenia,SI,SVN,2095861,Europe
31/03/2021,31,3,2021,1079,8,Slovenia,SI,SVN,2095861,Europe
30/03/2021,30,3,2021,286,1,Slovenia,SI,SVN,2095861,Europe
29/03/2021,29,3,2021,641,3,Slovenia,SI,SVN,2095861,Europe
28/03/2021,28,3,2021,1251,11,Slovenia,SI,SVN,2095861,Europe
27/03/2021,27,3,2021,1034,8,Slovenia,SI,SVN,2095861,Europe
26/03/2021,26,3,2021,1164,8,Slovenia,SI,SVN,2095861,Europe
25/03/2021,25,3,2021,1289,15,Slovenia,SI,SVN,2095861,Europe
24/03/2021,24,3,2021,983,6,Slovenia,SI,SVN,2095861,Europe
23/03/2021,23,3,2021,290,0,Slovenia,SI,SVN,2095861,Europe
22/03/2021,22,3,2021,517,1,Slovenia,SI,SVN,2095861,Europe
21/03/2021,21,3,2021,1031,7,Slovenia,SI,SVN,2095861,Europe
20/03/2021,20,3,2021,934,12,Slovenia,SI,SVN,2095861,Europe
19/03/2021,19,3,2021,973,15,Slovenia,SI,SVN,2095861,Europe
18/03/2021,18,3,2021,1111,4,Slovenia,SI,SVN,2095861,Europe
17/03/2021,17,3,2021,882,0,Slovenia,SI,SVN,2095861,Europe
16/03/2021,16,3,2021,204,2,Slovenia,SI,SVN,2095861,Europe
15/03/2021,15,3,2021,521,3,Slovenia,SI,SVN,2095861,Europe
14/03/2021,14,3,2021,852,10,Slovenia,SI,SVN,2095861,Europe
13/03/2021,13,3,2021,768,8,Slovenia,SI,SVN,2095861,Europe
12/03/2021,12,3,2021,860,17,Slovenia,SI,SVN,2095861,Europe
11/03/2021,11,3,2021,952,11,Slovenia,SI,SVN,2095861,Europe
10/03/2021,10,3,2021,741,0,Slovenia,SI,SVN,2095861,Europe
09/03/2021,9,3,2021,213,0,Slovenia,SI,SVN,2095861,Europe
08/03/2021,8,3,2021,382,28,Slovenia,SI,SVN,2095861,Europe
07/03/2021,7,3,2021,921,0,Slovenia,SI,SVN,2095861,Europe
06/03/2021,6,3,2021,884,0,Slovenia,SI,SVN,2095861,Europe
05/03/2021,5,3,2021,1015,13,Slovenia,SI,SVN,2095861,Europe
04/03/2021,4,3,2021,1210,4,Slovenia,SI,SVN,2095861,Europe
03/03/2021,3,3,2021,732,11,Slovenia,SI,SVN,2095861,Europe
02/03/2021,2,3,2021,243,2,Slovenia,SI,SVN,2095861,Europe
01/03/2021,1,3,2021,190081,4111,Slovenia,SI,SVN,2095861,Europe
02/04/2021,2,4,2021,0,0,Spain,ES,ESP,47332614,Europe
01/04/2021,1,4,2021,7041,82,Spain,ES,ESP,47332614,Europe
31/03/2021,31,3,2021,8534,154,Spain,ES,ESP,47332614,Europe
30/03/2021,30,3,2021,4994,106,Spain,ES,ESP,47332614,Europe
29/03/2021,29,3,2021,15501,189,Spain,ES,ESP,47332614,Europe
28/03/2021,28,3,2021,0,0,Spain,ES,ESP,47332614,Europe
27/03/2021,27,3,2021,0,0,Spain,ES,ESP,47332614,Europe
26/03/2021,26,3,2021,7586,590,Spain,ES,ESP,47332614,Europe
25/03/2021,25,3,2021,6393,356,Spain,ES,ESP,47332614,Europe
24/03/2021,24,3,2021,7026,320,Spain,ES,ESP,47332614,Europe
23/03/2021,23,3,2021,5516,201,Spain,ES,ESP,47332614,Europe
22/03/2021,22,3,2021,16471,633,Spain,ES,ESP,47332614,Europe
21/03/2021,21,3,2021,0,0,Spain,ES,ESP,47332614,Europe
20/03/2021,20,3,2021,0,0,Spain,ES,ESP,47332614,Europe
19/03/2021,19,3,2021,0,0,Spain,ES,ESP,47332614,Europe
18/03/2021,18,3,2021,6216,117,Spain,ES,ESP,47332614,Europe
17/03/2021,17,3,2021,6092,228,Spain,ES,ESP,47332614,Europe
16/03/2021,16,3,2021,4962,141,Spain,ES,ESP,47332614,Europe
15/03/2021,15,3,2021,11358,166,Spain,ES,ESP,47332614,Europe
14/03/2021,14,3,2021,0,0,Spain,ES,ESP,47332614,Europe
13/03/2021,13,3,2021,0,0,Spain,ES,ESP,47332614,Europe
12/03/2021,12,3,2021,5348,173,Spain,ES,ESP,47332614,Europe
11/03/2021,11,3,2021,6255,124,Spain,ES,ESP,47332614,Europe
10/03/2021,10,3,2021,7163,234,Spain,ES,ESP,47332614,Europe
09/03/2021,9,3,2021,3968,291,Spain,ES,ESP,47332614,Europe
08/03/2021,8,3,2021,11958,298,Spain,ES,ESP,47332614,Europe
07/03/2021,7,3,2021,0,0,Spain,ES,ESP,47332614,Europe
06/03/2021,6,3,2021,0,0,Spain,ES,ESP,47332614,Europe
05/03/2021,5,3,2021,6654,637,Spain,ES,ESP,47332614,Europe
04/03/2021,4,3,2021,6037,254,Spain,ES,ESP,47332614,Europe
03/03/2021,3,3,2021,6137,446,Spain,ES,ESP,47332614,Europe
02/03/2021,2,3,2021,4517,192,Spain,ES,ESP,47332614,Europe
01/03/2021,1,3,2021,15978,467,Spain,ES,ESP,47332614,Europe
28/02/2021,28,2,2021,3109689,69142,Spain,ES,ESP,47332614,Europe
03/04/2021,3,4,2021,0,0,Sweden,SE,SWE,10327589,Europe
02/04/2021,2,4,2021,0,0,Sweden,SE,SWE,10327589,Europe
01/04/2021,1,4,2021,0,0,Sweden,SE,SWE,10327589,Europe
31/03/2021,31,3,2021,8292,32,Sweden,SE,SWE,10327589,Europe
30/03/2021,30,3,2021,8473,1,Sweden,SE,SWE,10327589,Europe
29/03/2021,29,3,2021,2971,5,Sweden,SE,SWE,10327589,Europe
28/03/2021,28,3,2021,1982,7,Sweden,SE,SWE,10327589,Europe
27/03/2021,27,3,2021,5196,3,Sweden,SE,SWE,10327589,Europe
26/03/2021,26,3,2021,6300,6,Sweden,SE,SWE,10327589,Europe
25/03/2021,25,3,2021,6371,7,Sweden,SE,SWE,10327589,Europe
24/03/2021,24,3,2021,7712,9,Sweden,SE,SWE,10327589,Europe
23/03/2021,23,3,2021,7655,7,Sweden,SE,SWE,10327589,Europe
22/03/2021,22,3,2021,2690,11,Sweden,SE,SWE,10327589,Europe
21/03/2021,21,3,2021,1580,14,Sweden,SE,SWE,10327589,Europe
20/03/2021,20,3,2021,4380,17,Sweden,SE,SWE,10327589,Europe
19/03/2021,19,3,2021,5406,24,Sweden,SE,SWE,10327589,Europe
18/03/2021,18,3,2021,5740,10,Sweden,SE,SWE,10327589,Europe
17/03/2021,17,3,2021,6434,18,Sweden,SE,SWE,10327589,Europe
16/03/2021,16,3,2021,6786,18,Sweden,SE,SWE,10327589,Europe
15/03/2021,15,3,2021,2717,15,Sweden,SE,SWE,10327589,Europe
14/03/2021,14,3,2021,1042,19,Sweden,SE,SWE,10327589,Europe
13/03/2021,13,3,2021,3954,20,Sweden,SE,SWE,10327589,Europe
12/03/2021,12,3,2021,4996,18,Sweden,SE,SWE,10327589,Europe
11/03/2021,11,3,2021,5334,17,Sweden,SE,SWE,10327589,Europe
10/03/2021,10,3,2021,5331,15,Sweden,SE,SWE,10327589,Europe
09/03/2021,9,3,2021,5928,20,Sweden,SE,SWE,10327589,Europe
08/03/2021,8,3,2021,1984,20,Sweden,SE,SWE,10327589,Europe
07/03/2021,7,3,2021,1451,23,Sweden,SE,SWE,10327589,Europe
06/03/2021,6,3,2021,3455,17,Sweden,SE,SWE,10327589,Europe
05/03/2021,5,3,2021,4070,12,Sweden,SE,SWE,10327589,Europe
04/03/2021,4,3,2021,4883,14,Sweden,SE,SWE,10327589,Europe
03/03/2021,3,3,2021,4878,19,Sweden,SE,SWE,10327589,Europe
02/03/2021,2,3,2021,6191,19,Sweden,SE,SWE,10327589,Europe
01/03/2021,1,3,2021,669009,13061,Sweden,SE,SWE,10327589,Europe
